{
    "lightgbm": {
        "accuracy": 0.9189973421764892,
        "recall": 0.9189973421764892,
        "precision": 0.9137531091949108,
        "f1 score": 0.9142941573512172
    }
}