{
    "logistic_regression": {
        "accuracy": 0.8305088878593548,
        "recall": 0.8305088878593548,
        "precision": 0.8829447557974992,
        "f1 score": 0.85006323748107
    }
}