{
    "xgboost": {
        "accuracy": 0.9195825510228963,
        "recall": 0.9195825510228963,
        "precision": 0.9141368305184432,
        "f1 score": 0.9147453819781081
    }
}